sep=,
instance,GA1,GA2,GA3,GA4,GA5,TS1,TS2,TS3,TS4,TS5
50,0.056828,0.065359,0.039104,0.050602,0.046364,0.418954,0.398109,0.434940,0.265547,0.336191
100,0.807075,0.706034,0.779225,0.768119,0.747307,1.520329,1.525552,1.461943,1.423109,1.388606
