sep=,
instance,GA1,GA2,GA3,GA4,GA5,TS1,TS2,TS3,TS4,TS5
50,0.131472,0.112447,0.104476,0.121960,0.112804,0.354633,0.364712,0.281824,0.480617,0.324321
100,0.935602,0.921479,0.887393,0.913798,0.918720,1.411672,1.455728,1.537062,1.595111,1.509544
