instance,RFT,RFE,RFI,RBT,RBE,RBI,SFT,SFE,SFI,SBT,SBE,SBI
50,0.003183,0.472083,0.768565,0.003363,0.250551,0.261679,0.000296,0.034646,0.079128,0.000381,0.051154,0.072599
100,0.033118,12.817198,17.935627,0.029359,3.912323,4.089308,0.001870,0.779242,1.378395,0.002850,0.852207,1.161188
