instance,RFT,RFE,RFI,RBT,RBE,RBI,SFT,SFE,SFI,SBT,SBE,SBI
50,32.302988,1.762584,1.537282,33.164813,4.106258,2.729137,3.658226,2.848966,1.697465,3.680001,2.787209,1.998792
100,41.064965,1.691836,2.083793,41.770418,4.727286,3.532789,4.573138,3.211950,2.118196,4.581665,3.514129,2.505994
