sep=,
instance_size,t_test,wilcoxon
50,1.7837536005071E-09,1.86264514923096E-09
100,5.31310509152129E-13,1.86264514923096E-09