sep=,
instance_size,pvalue,rho
50,0.0488987142348892,0.363737486095662
100,0.551414161546836,0.112791991101224