instance,RTEI,RTIE,STEI,STIE
50,0.167982,-9.232938,54.812408,-12.420582
100,-8.584108,-17.983780,43.323710,-5.462904
