instance,RTEI,RTIE,STEI,STIE
50,26.084472,-30.970807,54.812408,-12.420582
100,-11.547265,-24.862741,43.323710,-5.462904
