instance,RTEI,RTIE,STEI,STIE
50,0.117659,0.146266,0.052422,0.024498
100,2.133100,3.434033,0.768017,0.446567
