instance,RTEI,RTIE,STEI,STIE
50,1.524820,1.827773,1.840270,1.938201
100,1.972930,2.533683,2.241046,2.240597
