instance,RTEI,RTIE,STEI,STIE
50,1.759628,1.693657,1.840270,1.938201
100,1.850703,2.540709,2.241046,2.240597
