instance,RTEI,RTIE,STEI,STIE
50,0.268369,0.333522,0.122345,0.059156
100,4.073206,5.787619,1.450535,0.768367
