sep=,
instance,GA1,GA2,GA3,GA4,GA5,TS1,TS2,TS3,TS4,TS5
50,0.046463,0.063622,0.064188,0.069421,0.039321,0.320026,0.302051,0.367633,0.433879,0.392536
100,0.547140,0.577587,0.569169,0.566484,0.597379,1.523094,1.454823,1.372856,1.523878,1.511839
